label,group_id,bucket_id,pin_id,minor axis length (cm),middle axis length (cm),major axis length (cm),area (cm2),volume (cm3),aspect ratio,volume/surface ratio,sphericity,convexity
R1-1,1,1,1,4.90300003439188,4.845299944281578,6.909200549125671,92.6881523806474,79.7198675285296,1.4259593066637513,0.8600869202909532,0.9664312061616495,0.9909303591402764
R1-2,1,1,2,6.988000124692917,5.7693000882864,10.586899518966675,188.6806292700841,216.66424977994728,1.835040534719559,1.1483121008135204,0.9245881296295743,0.9805689208118755
R1-3,1,1,3,6.0078999027609825,6.057300046086311,7.861100137233734,139.38553951779872,142.94802757265143,1.3084605709927186,1.0255585196798538,0.9485316983833562,0.9664458200185566
R1-4,1,1,4,5.3463999181985855,5.1903000101447105,6.3789002597332,99.12184873819416,89.37295941616507,1.229004151448916,0.9016474223783056,0.9752564328344218,0.9925649074483403
R1-5,1,1,5,3.9681999012827873,3.9633000269532204,4.92510050535202,54.38212200125373,36.55028487094931,1.2426766764710928,0.6721011156958289,0.979388842508962,0.9863385010465939
R1-6,1,1,6,6.049100123345852,5.362099967896938,8.43920037150383,132.49711229020588,133.0672344516723,1.5738610660057792,1.004302902543398,0.9513167248000602,0.9876212678960502
R1-7,1,1,7,5.057599954307079,5.28159998357296,5.814599990844727,89.31618258913778,75.7461710888589,1.149675744103284,0.8480677173284251,0.9693064320411754,0.9800306181677174
R1-8,1,1,8,7.25179985165596,6.786699779331684,9.467300027608871,183.862137244057,217.8127261025556,1.3949784630875712,1.1846524214685532,0.9521688892750828,0.9874343110335567
R1-9,1,1,9,5.58719988912344,5.537400022149086,7.0128001272678375,112.4252737011222,106.9500169533485,1.2664427527751811,0.951298702084289,0.9691866189901374,0.9888026968989742
R1-10,1,1,10,5.062899924814701,4.344199970364571,5.975601077079773,82.83753722089835,68.20000137676433,1.375535453672565,0.8232982735218105,0.9744955674210523,0.9918999650798479
R2-1,1,2,1,5.9227000921964645,5.016699992120266,6.190499663352966,101.2053762483389,91.73951061308146,1.2339784466036217,0.9064687471540052,0.9719669253159632,0.9896454953048112
R2-2,1,2,2,6.45500011742115,5.692300014197826,9.067399799823761,158.87331303503044,171.89882062140248,1.5929237350820769,1.0819867562244392,0.9410552106400478,0.9750600117137651
R2-3,1,2,3,6.378199905157089,5.666400119662285,7.960499823093414,142.98705134490822,152.48506028687328,1.404860167828716,1.0664256577964832,0.9653221645554325,0.9883469494673095
R2-4,1,2,4,4.1109999641776085,4.4943999499082565,5.669700354337692,67.73840755836704,49.4705186180727,1.379153588845116,0.7303171184744232,0.9620850155960484,0.98771098121632
R2-5,1,2,5,7.06460028886795,7.250100001692772,9.922999143600464,213.36126141725464,274.1298282342256,1.4046087163964023,1.284815370950261,0.9564730775374761,0.9919355182528398
R2-6,1,2,6,6.735700182616711,7.062499970197678,10.010398924350739,199.68973204706117,244.85050926885896,1.4861705023904226,1.2261547289329562,0.9478269754536193,0.986807685447756
R2-7,1,2,7,6.084799952805042,5.085299909114838,7.095499336719513,119.17904290596574,117.33403196361644,1.3952961405484887,0.9845189984970341,0.972523775707729,0.9925774922662036
R2-8,1,2,8,5.300899967551231,5.685599893331528,8.271699398756027,123.16820110781354,120.1296061202936,1.5604330301251028,0.9753297120507577,0.9559141596166336,0.9934102418765258
R2-9,1,2,9,5.010800063610077,5.56889995932579,6.544499099254608,103.75762935634629,95.3981696298565,1.3060786733006393,0.9194328187879084,0.9730999392308458,0.9910939838598252
R2-10,1,2,10,5.079999938607216,5.199200101196766,6.507200002670288,96.98615922202434,86.81097649949473,1.2809448978958782,0.8950862390659661,0.9775915921574665,0.9919673010014436
R3-1,1,3,1,5.194099992513657,4.915099963545799,7.471300661563873,110.9554114473565,102.8969535561294,1.5200709480940051,0.9273721057305034,0.9570559204667808,0.9832040230408714
R3-2,1,3,2,5.046799965202808,5.37979993969202,6.384499371051788,96.41425802500866,86.21755411159788,1.2650589314163998,0.8942407054487119,0.9789037523872732,0.9920208756359513
R3-3,1,3,3,5.751500092446804,5.0464000552892685,6.842299550771713,105.38550500792394,97.04531724745604,1.3558773533224173,0.9208602002728857,0.9690651291979512,0.9903923589664573
R3-4,1,3,4,6.724299862980843,6.118000112473965,8.395100384950638,160.53816235790254,181.1988682425604,1.3721968340330533,1.1286965390733517,0.9645901533171658,0.9907768001942969
R3-5,1,3,5,5.095000006258488,5.3922999650239944,7.0980004966259,102.56482376013474,93.33695566578224,1.393130615879688,0.9100289187262347,0.9701854878237306,0.9895444380591336
R3-6,1,3,6,4.8163000494241714,5.299399979412556,6.615200638771057,101.67224452605122,90.53699544679834,1.3735025996899755,0.8904789686589468,0.9590305280163836,0.9802787761556354
R3-7,1,3,7,5.148399993777275,5.208400078117847,6.071700900793076,93.38003388616995,82.0873290424696,1.1793374462224706,0.8790672441020301,0.9781696428272444,0.9936217112659377
R3-8,1,3,8,7.674700021743774,7.507899776101112,11.28619983792305,247.66621554575127,339.87819482976886,1.503243273684725,1.372323609341797,0.9509687049337986,0.9892673408635024
R3-9,1,3,9,5.870800092816353,5.068599991500378,7.165700197219849,118.24288422974604,114.90601889894484,1.4137434812840102,0.9717795675186874,0.9666537985373082,0.9892198411397161
R3-10,1,3,10,4.840799979865551,5.129100009799004,6.655199825763702,93.2221105633655,78.10180513874923,1.3748140500423123,0.837803442410386,0.9478491851691876,0.9867729297209211
R4-1,1,4,1,6.474100053310394,6.785200163722038,9.109500795602798,171.11751850724437,194.38715573095465,1.4070682752183985,1.135986294253824,0.9483486442987739,0.9831980167040418
R4-2,1,4,2,6.483299843966961,6.191700138151646,9.321599453687668,173.70473472813464,195.41037787991752,1.5054991756222813,1.124957118674712,0.9374991541120705,0.9822590615018291
R4-3,1,4,3,6.832199916243553,6.239299848675728,8.184400200843811,158.5539291487094,178.65157061402633,1.3117497795174766,1.1267558714768093,0.967486710259008,0.9880528767588711
R4-4,1,4,4,4.440000094473362,4.3709998950362206,5.6571997702121735,72.42131903155101,55.34935725544898,1.2942575854638163,0.7642688367956337,0.969823601098508,0.9887979371738679
R4-5,1,4,5,5.448000133037567,5.0200000405311584,5.935800075531006,94.45955268929728,80.41388948998646,1.182430284383613,0.8513049998711008,0.9538035891156188,0.9864037767285381
R4-6,1,4,6,6.182300113141537,5.503799952566624,7.733499258756638,134.19382089993877,137.2851823357659,1.4051199762720705,1.0230365408414162,0.9590340989211507,0.9880335386179302
R4-7,1,4,7,5.812600068747997,5.395199917256832,7.428599148988724,120.35471331392174,117.7522515755966,1.3768904327767275,0.9783767360108522,0.9653108075216009,0.9917854417552735
R4-8,1,4,8,6.115800142288208,6.74699991941452,7.733900099992752,146.73256400196323,159.16431066338183,1.2645769842143888,1.0847238426314985,0.9679540615592664,0.9905077179956714
R4-9,1,4,9,5.064900033175945,5.894999951124191,7.723800092935562,120.84364705570914,117.63113350944958,1.5249659504320667,0.9734159500765598,0.9607457869412668,0.9900722408078665
R4-10,1,4,10,4.729299992322922,5.319300107657909,6.26169890165329,93.10868011458568,81.34618354441457,1.3240223525295314,0.8736691728881195,0.9751065546653518,0.9913030773950797
R5-1,1,5,1,4.644699953496456,5.425200052559376,7.411700487136841,107.73986397667636,98.6423481519885,1.5957328915417734,0.9155603553884447,0.9582598738421405,0.9920058467597279
R5-2,1,5,2,6.734400242567062,6.954299658536911,8.795299753546715,176.57489243639964,203.88924962866764,1.3060256944565067,1.154689926837171,0.9487491339913707,0.9854807454419563
R5-3,1,5,3,6.674199923872948,6.177000142633915,9.119800850749016,170.60975025849277,197.8193164064752,1.476412601612839,1.1594842387774258,0.9623345430188863,0.9909250311332867
R5-4,1,5,4,4.075300041586161,4.735399968922138,5.934499949216843,76.50016013768412,59.921339611001365,1.4562117853062562,0.7832838454606581,0.9680017063460944,0.9902522185236393
R5-5,1,5,5,4.231799952685833,4.843399859964848,5.2156999707221985,70.68815287983948,53.446051824040666,1.2325015428510284,0.7560821671899094,0.9706915372225794,0.9860266537663743
R5-6,1,5,6,5.661499872803688,5.953900143504143,7.439099997282028,122.2821770650369,119.56721496660263,1.3139804229295227,0.9777975649142205,0.9598330604823704,0.9839354827275222
R5-7,1,5,7,4.815700091421604,5.457700043916702,6.917399913072586,102.50030167452807,92.19766018119036,1.436426642388886,0.899486720282522,0.9628801800259832,0.9881278003986099
R5-8,1,5,8,5.194500088691711,6.2262000516057014,7.622000575065613,127.74825509268857,125.04716500889424,1.4673212907741604,0.9788561489013331,0.9466258963557186,0.9822809519919966
R5-9,1,5,9,5.684800073504448,5.953799933195114,7.482200115919113,124.08365980395142,118.75156778590708,1.31617647396114,0.9570282499205062,0.9415912877382905,0.972023091880903
R5-10,1,5,10,6.420199945569038,5.634099990129471,8.510299772024155,149.64004703989835,157.99407433395308,1.5104985333830736,1.0558274837472306,0.9444888188052402,0.9841763049495238
R6-1,1,6,1,6.058100052177906,5.12549988925457,8.289899677038193,128.66809137000706,125.78522608332672,1.6173836418214886,0.9775945593349157,0.9435531210011694,0.9836462211386363
R6-2,1,6,2,5.4068999364972115,5.913599953055382,7.535000145435333,121.7999237545574,118.79556858372852,1.393589715721054,0.9753336859480878,0.9594829647233623,0.9939157436505578
R6-3,1,6,3,6.860600039362907,7.314099743962288,9.017600119113922,178.53700824831927,208.48554042644665,1.3144039978099815,1.1677441135143998,0.9523717355937402,0.9868863915239602
R6-4,1,6,4,4.36330009251833,4.5687999576330185,5.137499421834946,70.27356439314539,53.31417575111099,1.177434353104459,0.758666167164154,0.9748114202488114,0.9888376755601342
R6-5,1,6,5,5.705199763178825,6.422800198197365,8.684900030493736,156.9510123064759,170.0568930614341,1.5222779904300283,1.0835030023850152,0.9457641118214176,0.9794714381955983
R6-6,1,6,6,4.971999861299992,5.468199960887432,7.315000891685486,109.10875207705205,99.94606806183396,1.4712391584365183,0.916022465285393,0.954556585413672,0.9896952067453192
R6-7,1,6,7,4.566999897360802,5.166999995708466,6.412699818611145,90.47047317661476,76.77279986076523,1.4041383758990107,0.8485950958926767,0.9655664836720124,0.9893175698984857
R6-8,1,6,8,5.146300047636032,5.9213001281023026,7.768000662326813,125.55030102885236,124.55410412046275,1.50943407699189,0.9920653562737323,0.9606644677806977,0.9891400969356723
R6-9,1,6,9,6.370199844241142,6.969299912452698,8.295200392603874,162.952132709966,185.22176905161612,1.3021884078099986,1.1366636690867202,0.9643146414938147,0.989835686666397
R6-10,1,6,10,5.3217001259326935,4.416099935770035,6.457500159740448,89.48419479703705,75.55824541409336,1.4622631402508002,0.8443753177359451,0.9658856180220184,0.989333804838797
R7-1,1,7,1,5.144000053405762,5.412100069224834,6.855800002813339,102.90713027873431,93.47499455824271,1.332776036476559,0.9083432246634056,0.9679114396506975,0.9918292294015022
R7-2,1,7,2,6.4291998744010925,6.3224999234080315,9.556100517511368,170.93430675912873,193.22259443122417,1.5114433583670683,1.130390956003366,0.9455695877578162,0.9893058380267897
R7-3,1,7,3,6.039800122380257,4.977799952030182,7.336900010704994,119.2527631128923,117.14603453238426,1.4739242399069612,0.9823339222881262,0.9708841295179524,0.9937948536198952
R7-4,1,7,4,6.938300281763077,6.577900052070618,8.390600234270096,169.29056529643674,195.1048121699558,1.2755742969412964,1.1524848524683993,0.960940925844359,0.9883046225699016
R7-5,1,7,5,4.4978998601436615,5.097999982535839,6.383899599313736,85.5808662932772,71.2032912637952,1.4193067426605261,0.8320001227819841,0.9707502073174734,0.9912285246359627
R7-6,1,7,6,7.60050006210804,6.401299871504307,11.322499811649323,222.12089687661893,280.06560197203544,1.7687813473716445,1.2608701203273232,0.931968471489433,0.9881013576067702
R7-7,1,7,7,3.639099933207035,3.7905999459326267,5.051999539136887,53.17767686623311,33.97404341216407,1.3882552366965926,0.638877916717287,0.9539367688705798,0.9860252958352368
R7-8,1,7,8,5.360800214111805,5.464399978518486,6.610900163650513,102.76820601679071,92.48326072903636,1.2331927883169265,0.8999209416375922,0.9623523360094479,0.9845655999073244
R7-9,1,7,9,6.153500080108643,5.852000042796135,8.620800077915192,152.5884119982085,162.8509459030862,1.4731373914679777,1.0672563123928323,0.9451253853893263,0.985308932770564
R7-10,1,7,10,5.115699954330921,4.633999988436699,6.163400411605835,89.92567793223044,76.71929631765455,1.3300389354737754,0.8531411503560924,0.9709647818299767,0.9927992368816771
R8-1,1,8,1,6.531200185418129,5.999399907886982,8.369199186563492,155.46087424438693,172.13197373951547,1.3950060531155966,1.1072366251390129,0.9625812205171513,0.9905015860391231
R8-2,1,8,2,4.352100007236004,5.150199867784977,6.079699844121933,82.9422082685288,66.90393593475525,1.396957752352552,0.8066331646024062,0.9608958310974497,0.9864408622984291
R8-3,1,8,3,7.3416996747255325,7.230900228023529,10.599599778652191,217.0398339041608,277.8172146497519,1.46587554030592,1.280028691748948,0.9486749752687638,0.9884045020860849
R8-4,1,8,4,5.353800021111965,5.562900006771088,6.0263000428676605,101.37701446222368,90.620492504146,1.1256117186117869,0.8938958499109686,0.9624146813601808,0.9799727603721597
R8-5,1,8,5,7.256000116467476,6.929299980401993,11.644899845123291,232.37543897468288,301.93246170047786,1.6805304833184218,1.2993303553624407,0.9366279350953659,0.9867917380905032
R8-6,1,8,6,7.196099869906902,7.057600095868111,9.425800293684006,205.50253930654208,258.57667843814085,1.335553186018908,1.2582651256315118,0.9551241659537401,0.9821607344704992
R8-7,1,8,7,5.195100046694279,5.039299838244915,6.6405996680259705,95.19174061195504,82.53297058739888,1.317762364054677,0.8670181893599458,0.9630226630484288,0.9868304292208774
R8-8,1,8,8,5.945500172674656,6.076999939978123,7.187699526548386,130.30547389669968,133.33696657460445,1.2089310096369759,1.0232645075241276,0.9686238945269078,0.990203541922432
R8-9,1,8,9,5.034700036048889,5.1188999786973,6.20189905166626,89.49301895219509,76.36988587777086,1.2318308950404442,0.8533613769199777,0.972694350459441,0.9867697421690025
R8-10,1,8,10,5.99370002746582,5.59069998562336,8.392700552940369,137.48063601341022,139.27004985164743,1.501189578142707,1.0130157518187701,0.9451072163985583,0.989664892192052
R9-1,1,9,1,4.9171000719070435,4.788699932396412,6.712699681520462,88.26412961464035,71.33758498886648,1.4017791417891623,0.8082284989420405,0.9424221470293745,0.9742950953262364
R9-2,1,9,2,4.8140998929739,5.315000005066395,6.426100432872772,94.77632926468011,82.7190795845968,1.3348498318972486,0.8727820567263028,0.9686971808442136,0.9879178945560331
R9-3,1,9,3,5.057299882173538,5.0457000732421875,5.962200462818146,90.26773155723276,77.52027244658969,1.1816398866901037,0.8587816610572432,0.9740063524983766,0.9858657568786472
R9-4,1,9,4,6.948599964380264,5.531500093638897,8.28550010919571,153.5109744972413,166.5987150062966,1.4978757966078409,1.0852560577634174,0.9538039736242077,0.9843109928845887
R9-5,1,9,5,6.905699893832207,6.418599933385849,10.629299283027649,186.9704057284928,211.36882406114256,1.656015235930218,1.1304934769627641,0.9177798987241478,0.9665301810039808
R9-6,1,9,6,6.53420016169548,5.84149993956089,7.584899663925171,135.11130025184514,140.0156101782019,1.2984506962941667,1.036298295680785,0.9651098674283555,0.9855728941187902
R9-7,1,9,7,5.604000203311443,4.992400109767914,6.588900834321976,105.26554260063403,96.822884382019,1.319786212934019,0.9197965639084239,0.9686864731594941,0.9898129190784838
R9-8,1,9,8,5.637199990451336,5.9153001755476,7.123099267482758,116.9300124277895,112.38986830489006,1.2635881784482255,0.961172123147569,0.963184688709433,0.9842167036855389
R9-9,1,9,9,5.726500041782856,5.683799833059311,6.6329993307590485,107.85628294612404,100.6238930240857,1.16700086659963,0.9329441945848344,0.970002274225658,0.9854429239417766
R9-10,1,9,10,6.678999960422516,6.660999916493893,7.7379003167152405,152.03303333884338,163.1646003108843,1.1616724836694172,1.073218081147085,0.9497955377530569,0.9708838722177592
R10-1,1,10,1,6.442699953913689,6.435300037264824,8.623199164867401,166.15229519205516,186.9677409208213,1.3399840123899636,1.1252793150085927,0.9516755241868874,0.9854870017193417
R10-2,1,10,2,6.952099874615669,6.850399821996689,10.241200029850006,198.9925582953572,238.53907067529423,1.494978438625645,1.1987336246074067,0.9347316992136614,0.9847761592157213
R10-3,1,10,3,5.096900090575218,6.183899752795696,7.8129008412361145,125.74927862757144,121.55451618186176,1.532873060565403,0.9666418567844575,0.9436827609496891,0.9833000191247396
R10-4,1,10,4,5.864299833774567,5.491599999368191,7.2265006601810455,121.762188296924,121.2902751934362,1.3159189782599707,0.9961243050072572,0.9731706462766598,0.9919081709234936
R10-5,1,10,5,6.465600058436394,6.134700030088425,8.842500299215317,166.05311185693768,188.0254702604541,1.441390818759864,1.1323212685254982,0.9558319898736575,0.98723960516291
R10-6,1,10,6,5.773399956524372,6.190799921751022,9.096600487828255,157.28568332415938,170.44960268478542,1.575605458885352,1.0836943266698709,0.9452040921152703,0.9876620545655255
R10-7,1,10,7,5.761600099503994,6.185399740934372,8.389098942279816,148.90072485530476,159.7391505983796,1.4560363089069681,1.0727896103501655,0.9561548370588946,0.9829832502532554
R10-8,1,10,8,6.560799852013588,7.058199867606163,10.184500366449356,190.51520177694863,226.610514834776,1.5523260267303554,1.1894615900524677,0.9434984573470896,0.9779817527953782
R10-9,1,10,9,4.073499888181686,4.715699888765812,5.585499852895737,70.58940034634705,53.27391523784914,1.3711795768304222,0.7547013429276995,0.9699612297849635,0.9912268629246238
R10-10,1,10,10,5.044399946928024,5.116700008511543,7.298300415277481,104.7057802742565,92.85652452957729,1.4468124042626822,0.8868328404254056,0.9470838190590168,0.9791539774018065
R11-1,1,11,1,6.57270010560751,5.512700043618679,7.761199772357941,136.1777388691609,141.52276335737292,1.4078763057935741,1.0392503542252784,0.9644111120078785,0.987174491359943
R11-2,1,11,2,5.441699922084808,5.244900099933147,7.211200147867203,111.31836622966009,105.1070136617501,1.3748975214912327,0.9442019068525009,0.9675463197435205,0.992136506943698
R11-3,1,11,3,5.657000094652176,6.070199981331825,7.743699848651886,128.01688524271978,126.3765315256162,1.3688703763629708,0.9871864268999088,0.9513226188243491,0.9898607277624831
R11-4,1,11,4,7.949899882078171,7.67190009355545,9.767400473356247,231.75952357193364,316.9245844430105,1.2731396856381196,1.367471677359758,0.9699525476894971,0.9883808549003332
R11-5,1,11,5,8.710799738764763,7.962600141763687,8.702300488948822,224.29218315540763,306.33056152362434,1.0939642307387487,1.365765659837436,0.9797836869053265,0.9895276390588031
R11-6,1,11,6,7.824699953198433,6.8122997879981995,10.055499151349068,209.1530450392801,267.11682551083027,1.4760799530673452,1.2771357235591012,0.9590047594557187,0.984732435697896
R11-7,1,11,7,7.467399910092354,6.679400056600571,9.247900545597076,185.98248136450383,226.23060054495448,1.3845405975433853,1.216408120190466,0.9654126510995681,0.9918611143539795
R11-8,1,11,8,5.387100018560886,5.1461998373270035,7.576300948858261,107.6513778957735,98.02881165400365,1.4722127372328162,0.9106136267843568,0.9550666718839245,0.993034934335926
R11-9,1,11,9,6.283599883317947,7.392900064587593,9.387499839067459,183.58777454921892,218.8212402627717,1.4939684278736332,1.191916187230141,0.9565331314871758,0.988110843739496
R11-10,1,11,10,4.7074999660253525,4.2518001049757,5.168399959802628,69.56964108421218,53.43090897564859,1.2155792446014264,0.7680204776530601,0.9861116055502706,0.9954088669233685
R12-1,1,12,1,4.591500014066696,5.749000050127506,7.294000685214996,107.78022198416603,99.48034513461468,1.5885877519043483,0.9229925797446336,0.9633185123219306,0.9894407768487835
R12-2,1,12,2,4.976999945938587,4.7652000561356544,6.7705996334552765,97.761719228149,85.9581515612371,1.4208426831392895,0.8792618648679283,0.9634740145562156,0.9865111890498413
R12-3,1,12,3,6.456599943339825,7.809599861502647,9.490399807691574,189.53175412096505,221.384277346018,1.4698757691315851,1.168059032497128,0.9337558274916681,0.975198978451472
R12-4,1,12,4,6.489899754524231,5.740500055253506,8.248799294233322,145.19027614293455,155.86876340660652,1.4369478642691256,1.073548226144011,0.964686023646809,0.9920183482646998
R12-5,1,12,5,7.035700045526028,6.785799749195576,8.990100026130676,178.8399677772024,215.29849433326643,1.3248401600999808,1.2038611782880873,0.9713599726543258,0.9914315922979309
R12-6,1,12,6,7.66419991850853,7.122799940407276,12.116699293255806,238.66553317370665,313.99909173779145,1.701114645171823,1.3156449008883708,0.9360808213141772,0.9844241998265537
R12-7,1,12,7,6.922000087797642,7.041000202298164,10.238800197839737,193.8391438929572,234.0710385953697,1.4791678803773889,1.2075529941704115,0.9475622770006711,0.9885159114053615
R12-8,1,12,8,8.113699965178967,8.450600132346153,11.059600114822388,254.71657690635544,356.52783920740234,1.3630772843814964,1.3997041085334505,0.9546024533555156,0.9841277075444005
R12-9,1,12,9,7.076399773359299,6.243500113487244,8.406399190425873,169.84465240780395,197.3593553089776,1.346424127112022,1.1619992299499058,0.9651705430489473,0.9889322452496492
R12-10,1,12,10,4.681199975311756,4.968699999153614,6.120799481868744,89.78848987183801,77.0463310350508,1.3075278804898982,0.8580869457212715,0.9752098938529592,0.9888484354479872
R13-1,1,13,1,5.0704000517725945,5.288599990308285,6.613399833440781,102.9400783957543,86.07779348213379,1.304315195233709,0.836193199224181,0.9158556880410779,0.9428735381819892
R13-2,1,13,2,6.176400184631348,7.555199787020683,8.249199390411377,160.52150301073326,181.7340378871356,1.3355998872834935,1.1321476218359603,0.9665887980730136,0.9848783181020911
R13-3,1,13,3,6.176399812102318,5.878200009465218,8.886400610208511,153.2646409227049,165.2535414691607,1.5117554006157357,1.0782235254934116,0.9501875507493466,0.9924047017772388
R13-4,1,13,4,6.561700068414211,5.866200104355812,8.793099969625473,158.07103320898472,174.27439435387814,1.4989430659033194,1.1025068338958162,0.9545255415572436,0.9903929191512186
R13-5,1,13,5,6.066699884831905,6.189999915659428,8.515799790620804,148.62722718709114,154.05745522825472,1.4036955762245946,1.0365358901187602,0.9350630492745338,0.9772316403144872
R13-6,1,13,6,5.452100001275539,5.194300040602684,6.0621000826358795,91.50349278462932,80.08396819517421,1.1670677541246743,0.8752012164570252,0.9819216648382819,0.9899931849741872
R13-7,1,13,7,6.168899871408939,6.4945999532938,7.608400285243988,144.1636248747389,154.3158363858848,1.2333479945924744,1.0704214500708273,0.9650921033125704,0.9905198467667826
R13-8,1,13,8,8.373299986124039,8.14020000398159,13.021700084209442,304.09839056363194,457.89410027175273,1.599678150148667,1.505743254421925,0.9447423155784825,0.9882824878122766
R13-9,1,13,9,6.820700317621231,7.998200133442879,9.788800776004791,210.26396712301835,271.5498774260458,1.4351606609537577,1.291471292687877,0.9644632363360531,0.988310302818259
R13-10,1,13,10,6.045399978756905,8.14879983663559,11.302199959754944,226.6837076457676,280.4688774726162,1.8695537101713786,1.2372696758202721,0.9140857416698435,0.9692759924681353
2R1-1,2,1,1,7.742900028824806,8.180299773812294,10.609699413180351,243.95830609566275,323.58848653340857,1.370248792272042,1.3264089741897152,0.9343233927423138,0.9751474689651813
2R1-2,2,1,2,7.422000169754028,7.404199987649918,8.343100547790527,188.4434616977369,230.77271336628476,1.126806483037557,1.2246257380712096,0.965515733414054,0.9779470752469
2R1-3,2,1,3,5.61319999396801,5.793699808418751,6.377800554037094,114.356228409993,110.94516504007892,1.1362147368507678,0.9701715995941678,0.9764047603180889,0.9886724532244395
2R1-4,2,1,4,6.811500154435635,7.604200020432472,8.695700764656067,180.3472464409924,210.71495557510136,1.2766205046612888,1.168384656452434,0.9495216013110799,0.9723282592780335
2R1-5,2,1,5,6.781500205397606,6.389300152659416,8.170200139284134,159.33246016288635,179.57027967103548,1.2787316206898582,1.1270162996759099,0.9660571858784838,0.9868699246805779
2R1-6,2,1,6,5.690200068056583,5.465899966657162,6.38279989361763,109.43942569488,101.62512077797166,1.1677491232100294,0.9285969853433366,0.9623012183576988,0.9814886250709846
2R1-7,2,1,7,5.737899988889694,5.17170000821352,6.257499009370804,104.5300035432167,95.72684486180212,1.2099501130059467,0.9157834269299052,0.9681269784643263,0.9844610736762007
2R1-8,2,1,8,5.660700052976608,5.979799851775169,6.706300377845764,119.50749107845166,116.379526521583,1.184712193736416,0.973826205130394,0.964583997822053,0.9847771648431751
2R1-9,2,1,9,5.884800106287003,5.472899973392487,6.84719905257225,108.75586281004152,98.39070139900636,1.251109847770135,0.9046933090022055,0.9476925880093306,0.9752367742340676
2R1-10,2,1,10,7.35509991645813,6.674799881875515,9.490999579429626,203.5879336728734,249.09585227079023,1.4219152255337433,1.2235295470459429,0.9403937932666758,0.973311170616299
2R1-11,2,1,11,5.499099940061569,5.960500054061413,6.515500694513321,112.98352017159772,106.88077769683888,1.1848303841592616,0.9459855520036012,0.9639816337231225,0.9750423554071659
2R2-1,2,2,1,5.787299945950508,5.03349993377924,6.345199793577194,98.59686977677566,87.51212119164116,1.2605939956401484,0.8875750456355208,0.9667921995201969,0.9850998890924776
2R2-2,2,2,2,6.2393998727202415,6.118100136518478,7.2447992861270905,139.37004985934934,145.8918981576951,1.184158337468756,1.046795192402726,0.9616169701571544,0.9836056619912456
2R2-3,2,2,3,7.037299871444702,6.835800036787987,8.635999262332916,179.3291659354033,214.8582901732296,1.263348725219705,1.198122397171157,0.9673892851156486,0.988168743562409
2R2-4,2,2,4,5.3063999861478806,5.743199959397316,6.670000404119492,111.3752146309336,104.94466189808212,1.2569727916348614,0.9422622640579366,0.9660563784727416,0.9881111382886634
2R2-5,2,2,5,5.446000024676323,5.642800033092499,6.242600828409195,108.08406331088096,101.6612474295342,1.1462726404927288,0.9405757362871074,0.9745992755736509,0.9852299207020656
2R2-6,2,2,6,5.728399939835072,6.3947999849915504,6.6877007484436035,126.9126289098907,128.57075318177755,1.1674640071719837,1.0130650849023397,0.9706755181064195,0.9873707437225938
2R2-7,2,2,7,7.3455000296235085,7.227700017392635,9.261900559067726,196.76371857231004,238.80135277417452,1.2814450706006086,1.2136452518120904,0.9460126810715416,0.9736081880829852
2R2-8,2,2,8,7.535099983215332,7.732800021767616,8.39490070939064,195.972419918116,243.41267012848385,1.1141060806214305,1.2420761565846359,0.9620211556688527,0.9799215859415863
2R2-9,2,2,9,6.427500024437904,7.205099985003471,8.227500319480896,162.82459186394797,180.93330572424253,1.2800467192842064,1.111216086298719,0.9501156497028267,0.9787990110367135
2R2-10,2,2,10,7.244300097227097,7.1171000599861145,9.110699594020844,185.38085460590784,224.14281542816445,1.2801140235814836,1.209093656972608,0.9625776930967932,0.9831254206372301
2R3-1,2,3,1,7.166599854826927,6.504599936306477,8.993599563837051,184.09991348713152,222.1685222983116,1.3826522233347236,1.2067823286285306,0.9635750754513789,0.9867340347836885
2R3-2,2,3,2,6.391400098800659,6.535999849438667,7.108799368143082,142.51672080262134,151.7106282052765,1.112244462598585,1.0645110787764214,0.9652259171870681,0.9868438776581869
2R3-3,2,3,3,6.180799938738346,6.46630022674799,6.2265001237392426,124.21599682289576,124.422663427727,1.046191478585201,1.0016637680340472,0.9703005065184303,0.9816503570709958
2R3-4,2,3,4,5.9356000274419785,5.825500003993511,7.7765002846717834,128.81170741904657,130.2431309222757,1.3349069228977457,1.0111125264303225,0.9646401618287559,0.9883367828057152
2R3-5,2,3,5,6.024400144815445,5.514000169932842,6.786299496889114,114.69586825643408,107.63247122986722,1.2307398055397174,0.9384162905434859,0.9540370165025027,0.9752447288698638
2R3-6,2,3,6,5.686700157821178,5.751599930226803,6.227100640535355,111.85991277912588,107.36844870066926,1.0950288335443428,0.9598474201627059,0.976624092284531,0.987851164319357
2R3-7,2,3,7,6.706699915230274,6.289000064134598,7.7055007219314575,148.41387130143994,161.95105402463565,1.2252346387901936,1.0912123819996626,0.9681265939733363,0.9837659158062989
2R3-8,2,3,8,5.579699948430061,5.017599835991859,5.826999992132187,95.92598803269064,85.63806931316077,1.1613122175137205,0.8927514959134552,0.9794728940820244,0.9881040597187135
2R3-9,2,3,9,6.432899832725525,6.53929989784956,7.547300308942795,147.9771592616445,162.1087752513086,1.1732345451032953,1.0954986300600447,0.9716140547493114,0.9854228417589687
2R3-10,2,3,10,5.894800089299679,5.945399962365627,6.790400296449661,117.65098223895446,115.02720210135452,1.1519305478697552,0.9776986125600642,0.9721999728894964,0.985942069826841
3R1-1,3,1,1,5.8838000521063805,5.872699990868568,8.150800317525864,139.71085362971812,145.89922642998164,1.3879136223882544,1.0442941449392675,0.9593033721791735,0.9925592237423313
3R1-2,3,1,2,5.433600023388863,5.540400184690952,7.744299620389938,126.64416454822852,124.46694498584677,1.4252612608684294,0.9828083704436881,0.9519225782695678,0.9819662350776045
3R1-3,3,1,3,6.414799764752388,6.153100170195103,9.873899817466736,173.94399339865308,197.7950541936848,1.6047032462261466,1.1371191975590023,0.9438108669219427,0.9873482359287351
3R1-4,3,1,4,4.671099968254566,5.268999934196472,6.709100306034088,96.22185388684466,84.39036626922103,1.4362998761812102,0.8770394963337823,0.9669536392142621,0.9916216645005852
3R1-5,3,1,5,4.7970000654459,5.12470006942749,6.468299776315689,95.04427403830265,83.59907832542949,1.3484051882568475,0.8795803763174542,0.9728050720012271,0.9942949934728114
3R1-6,3,1,6,5.76310008764267,5.1566001027822495,7.843899726867676,120.28315556607436,116.32938948869533,1.5211378758332434,0.9671295115365748,0.9580884632296314,0.9935756303046082
3R1-7,3,1,7,6.816600076854229,6.707200035452843,10.059800744056702,187.83727466954133,222.6700701432876,1.4998510094946802,1.1854413376419934,0.9458238114551759,0.9911216670429116
3R1-8,3,1,8,5.882200226187706,5.480799823999405,8.459199965000153,143.63726390230548,150.27312655190548,1.5434243607947304,1.0461987542042945,0.9516367728920414,0.9912839861056095
3R1-9,3,1,9,6.361500173807144,6.374800018966198,10.54610013961792,178.50164568372583,196.7057154450492,1.6578008097901904,1.1019826438663645,0.916332772520689,0.9626477687028878
3R1-10,3,1,10,5.2222998812794685,4.820000007748604,6.2842994928359985,90.3706423108846,76.55503558493105,1.3037965731812025,0.8471228446244036,0.9648043744565443,0.9896449264940014
3R2-1,3,2,1,6.487399898469448,6.6499002277851105,9.704600274562836,192.6775692307864,231.96554916155836,1.4959152243493439,1.203905312318495,0.9475496134589665,0.9911594562141288
3R2-2,3,2,2,7.107099890708923,7.264799997210503,10.65559908747673,226.2231355155097,299.0815494968608,1.4992893376110756,1.3220643804415662,0.9560344050381164,0.9917351783312631
3R2-3,3,2,3,7.773499935865402,7.046300172805786,12.257899343967438,254.5139260966939,344.07964479512447,1.7396220773101738,1.3519089115163119,0.9329933785859429,0.9799409308596112
3R2-4,3,2,4,6.4020998775959015,7.176299951970577,8.983000367879868,174.98755736331046,205.21394197290644,1.4031334311599555,1.1727344793255199,0.9614975843862359,0.9854196206656219
3R2-5,3,2,5,6.5804000943899155,5.763200111687183,8.687400072813034,152.21082348431753,164.98206455162395,1.5073917102402659,1.0839049469344884,0.9557179544773429,0.9863699214269448
3R2-6,3,2,6,7.545199990272522,7.5658999383449554,10.867499932646751,232.70327933049865,312.9641979892114,1.4403196663650306,1.3449066935783125,0.9579541576967804,0.9882982119665698
3R2-8,3,2,8,5.441099964082241,4.621000029146671,7.223500311374664,106.29129834300493,94.99340209508192,1.5631898432834632,0.8937081734436587,0.9472153056964597,0.9788893140403048
3R2-9,3,2,9,4.964100010693073,5.412399768829346,6.232700496912003,92.87242442087216,81.63021941395553,1.2555549814641649,0.8789500212036022,0.979861402538797,0.9924898958121519
3R2-10,3,2,10,8.1300999969244,6.957000121474266,10.868899524211884,239.16848389976695,322.4953111295588,1.5622968714148364,1.348402205303577,0.9508874387693257,0.9879960381142586
3R3-1,3,3,1,7.76359997689724,7.375000044703484,11.18290051817894,239.74933890258276,317.941563758479,1.516325484799174,1.3261415660781781,0.9396329624381513,0.9734425940704727
3R3-2,3,3,2,7.7542997896671295,7.321800105273724,10.53209975361824,225.65994435884872,299.3794345783364,1.438457701956683,1.3266839865131648,0.9590567146575723,0.9875475275606124
3R3-3,3,3,3,6.0889000073075294,5.33210001885891,7.413800805807114,125.43642264226088,123.56620128801744,1.3904091782947643,0.9850902846649475,0.956445574144017,0.9870472966863869
3R3-4,3,3,4,4.823699966073036,4.999899864196777,6.453699618577957,90.68940246296155,76.09389705075408,1.337914808957718,0.8390605184749296,0.9575485472953931,0.9761428221597193
3R3-5,3,3,5,7.333499938249588,6.656100228428841,11.46940067410469,224.91155887999165,287.5694430495673,1.723141220908571,1.278588990630796,0.9367725861252342,0.989043552785953
3R3-6,3,3,6,6.8741001188755035,6.401799991726875,9.563299641013145,185.55484150472736,223.28903558976177,1.4938454268130705,1.203358714755352,0.9592315013871602,0.9926880389669928
3R3-8,3,3,8,7.5463999062776566,6.299299746751785,9.24759954214096,179.9399646905906,211.3477387606952,1.4680361173334318,1.1745458499122787,0.9535750893994518,0.9737795800378998
3R3-9,3,3,9,7.444700226187706,6.274300068616867,9.908099845051765,193.71286018236324,229.90949709790937,1.5791561985711577,1.1868571703575603,0.9369079955892566,0.985587872477528
3R3-10,3,3,10,4.970300011336803,5.460000038146973,7.18890056014061,105.01015840196956,95.01769036910235,1.446371555790069,0.904842843921662,0.9589348980859883,0.9907615537410998
3R4-1,3,4,1,5.653800070285797,6.075800023972988,7.702000439167023,126.99225834252826,125.19672761860052,1.3622696847109577,0.9858611009256583,0.9530203983801461,0.9905881772804735
3R4-2,3,4,2,6.981699913740158,7.1066997945308685,9.495100006461143,199.33559481471252,247.69482814186856,1.3599982989493078,1.2426020970921283,0.9568500718794175,0.9856301218982227
3R4-3,3,4,3,6.69729970395565,6.395900063216686,9.110899642109871,176.4477330294059,207.07976646646955,1.4244906193121054,1.1736040067568263,0.9593118721259485,0.9910378625209789
3R4-4,3,4,4,6.466600298881531,6.344999931752682,10.021200031042099,178.17286343224404,196.7798376745424,1.579385364669963,1.1044321446255156,0.918254284706348,0.9653571782008991
3R4-5,3,4,5,6.084300018846989,6.382700055837631,8.677699789404869,156.22264728514293,170.30456014105567,1.426244557718136,1.090140021953475,0.9510959146750029,0.9822759394168848
3R4-6,3,4,6,4.934900067746639,4.6390000730752945,6.196700036525726,88.89292278329494,75.5874733855294,1.33578356087798,0.8503204869278307,0.9725609419775478,0.9912416756126342
3R4-7,3,4,7,7.047799974679947,7.0510998368263245,9.807900339365005,202.59391020672,256.25079899281513,1.3916258087064113,1.2648494652743778,0.9630183367651384,0.9906028782223172
3R4-8,3,4,8,5.710100010037422,6.592300161719322,8.129899576306343,147.46761582765183,159.8748435960478,1.4237753387883416,1.0841352706406846,0.9659935368191576,0.9910730614843564
3R4-9,3,4,9,4.849000088870525,4.600399918854237,6.2171004712581635,82.89480555525198,67.94276915028308,1.3514260892358632,0.8196263770110072,0.9713721243945295,0.9910250457398412
3R4-10,3,4,10,5.867699906229973,5.970600061118603,6.96370042860508,119.68373964029357,119.79684192155796,1.1867853741482994,1.0009450095861336,0.9819270408133813,0.9929475889150877
3R5-1,3,5,1,7.8950997442007065,7.42340013384819,10.539699718356133,238.53443690454947,315.62995472826066,1.4197941008593449,1.323204979642253,0.9398355028780786,0.9805516269285551
3R5-2,3,5,2,8.058499917387962,6.865599937736988,11.152199283242226,245.07764990479663,332.70116995790244,1.6243590340800094,1.3575337044693558,0.9474361890904286,0.9872584649875695
3R5-3,3,5,3,6.175399757921696,6.295400112867355,8.875500410795212,160.07047058440725,178.06915576501115,1.4372349578518984,1.1124422581809863,0.9562366152438402,0.9904696545762297
3R5-4,3,5,4,5.224499851465225,6.476199999451637,8.525199815630913,146.8931986059766,155.22232659905796,1.6317733865453163,1.0567019308730776,0.9508643445971713,0.9888293448122175
3R5-5,3,5,5,6.50859996676445,6.292099878191948,9.955799579620361,186.5128798636553,219.05378851115444,1.5822697942425523,1.17447003483774,0.9421986457962676,0.9893135076783115
3R5-6,3,5,6,4.62689995765686,4.860999993979931,6.199300289154053,82.4934635541372,67.99149800998072,1.3398388436938418,0.8242046712629612,0.9765646349896822,0.9921981838621597
3R5-7,3,5,7,5.9627000242471695,5.521799996495247,7.273900136351585,123.67990193269311,122.32350215429356,1.3173059764874528,0.9890329814528984,0.96351451892985,0.9824708069445166
3R5-8,3,5,8,7.03900009393692,5.932900123298168,9.335000440478325,181.14470070300987,214.129755687233,1.5734295616776521,1.1820922988981208,0.9555274592087337,0.9911852942845386
3R5-9,3,5,9,5.168499983847141,5.675200000405312,7.542899250984192,118.97504856559948,115.63450687975102,1.459398137671983,0.9719223339168751,0.9647612884797063,0.9933252353656258
3R5-10,3,5,10,4.245400056242943,5.01640010625124,6.426500156521797,87.66793455276985,73.30706936011134,1.5137560822027842,0.8361902186253254,0.9662153252869239,0.9921501789965075
3R6-1,3,6,1,6.051399931311607,5.805600062012672,7.05140084028244,124.07784562322468,125.72774531166372,1.2145860488085147,1.013297294776129,0.9781616502664991,0.9914973713894103
3R6-2,3,6,2,6.886899843811989,6.511900015175343,10.962700471282005,189.72501783239136,216.87277106915025,1.6834872227359925,1.1430900022934352,0.9200883701197853,0.9649021813103715
3R6-3,3,6,3,6.54119998216629,6.2234001234173775,8.243800327181816,156.23169085676636,174.22156541657932,1.3246457183689808,1.1151486901355123,0.9655681516491675,0.9874050449133634
3R6-4,3,6,4,5.791000090539455,5.868600122630596,9.043600410223007,151.5453289818376,153.4044905952663,1.56166469846844,1.012268023210742,0.9144647125953019,0.9448571528409183
3R6-5,3,6,5,6.997699663043022,7.736299932003021,10.339799895882607,218.1858789247649,268.4548681491298,1.477599839057145,1.2303952458889365,0.9223696569394099,0.9615719424338148
3R6-6,3,6,6,8.100300095975399,7.327700033783913,9.593599662184715,213.2695012654695,257.6821606220259,1.3092238516797918,1.2082466508011065,0.918216177390023,0.9516723865239677
3R6-7,3,6,7,7.852600142359734,7.5631000101566315,9.181300550699234,202.82059155039784,251.2374222153636,1.2139599553581852,1.2387175300834035,0.9493542492158983,0.9790531889875255
3R6-8,3,6,8,6.702999770641327,7.185899838805199,11.4206001162529,216.2408471445773,268.5775354895071,1.7038043423892588,1.2420296120553849,0.9309496220889414,0.9845138452736815
3R6-9,3,6,9,7.095500081777573,7.033499889075756,10.723499208688736,223.94907580393823,287.26095186006705,1.524632029261021,1.2827065743801362,0.9401256748316854,0.9873422585083108
3R6-10,3,6,10,5.5208999663591385,6.257699802517891,7.597299665212631,127.32589164544012,129.62008259324767,1.376098047692542,1.018018259429874,0.9727821528632218,0.9919300432026085
3R7-1,3,7,1,7.958000153303146,7.016299851238728,11.26440055668354,243.2372657232452,299.4302524743852,1.6054616814437899,1.231021289373793,0.8898520310532647,0.9257526178771014
3R7-2,3,7,2,6.156999804079533,6.147200055420399,8.860599249601364,154.0097664151395,168.42477126725697,1.4414040814872096,1.09359799178749,0.9576493240625041,0.9918725847661493
3R7-3,3,7,3,6.551400199532509,7.697200030088425,11.43769957125187,229.58416211790055,295.8981680214304,1.7458404650761579,1.2888439920758776,0.9353418874309991,0.9844401804737335
3R7-4,3,7,4,5.005400069057941,4.779000021517277,5.988600105047226,86.71437133779351,71.46086912080698,1.253107360971703,0.8240948762971835,0.9603699750547936,0.9800040116506092
3R7-5,3,7,5,6.176599860191345,6.123399920761585,7.791099697351456,140.74879404713838,150.39353386192036,1.2723486622089601,1.0685244934429197,0.9716851185987485,0.9933825351699874
3R7-6,3,7,6,6.629100069403648,6.664900109171867,9.890799596905708,181.20118225984555,210.97544429977836,1.4920274989596711,1.1643160473270866,0.9458255413511213,0.9832203987138478
3R7-7,3,7,7,5.309499986469746,4.7605000436306,5.764899775385857,88.21833035444445,73.85209282187745,1.210986182659343,0.8371513326669617,0.9649404119075536,0.9851836507852515
3R7-8,3,7,8,5.372200161218643,4.867599904537201,7.756399363279343,113.46490428482409,105.31845755248528,1.593475124372779,0.9282029383121915,0.950514836329499,0.9913878177553103
3R7-9,3,7,9,4.9636999145150185,5.01520000398159,6.4059000462293625,95.6029838960632,84.24932388267842,1.2905494201003196,0.8812415726926668,0.9721283903656588,0.9921424764621808
3R7-10,3,7,10,4.129699990153313,4.588699899613857,5.596000328660011,72.09312806496118,55.65054056999115,1.3550621938646596,0.7719257308386722,0.9777695608789961,0.9927147593706305
4R1-1,4,1,1,6.794000044465065,6.0443999245762825,9.310300275683403,166.24304833298805,186.7601039134119,1.540318375994299,1.123416021218089,0.9504516639011411,0.983898512184771
4R1-2,4,1,2,5.702000111341476,5.153700150549412,6.989200413227081,113.46247908889924,108.74902207994776,1.3561519314393942,0.9584580114342608,0.9710660324586728,0.9915833800126361
4R1-3,4,1,3,6.155099906027317,5.877800099551678,8.543400093913078,147.1908187844322,157.17060576814734,1.4535030026905331,1.0678016948756226,0.9568656286478987,0.9881690736097667
4R1-4,4,1,4,5.686100013554096,5.722399987280369,7.256000488996506,125.15563198057096,126.18245699171229,1.27609441826563,1.0082043851714217,0.9720748642129622,0.9931068303142534
4R1-5,4,1,5,4.889800027012825,4.675599932670593,7.541099563241005,103.87558899712596,90.11782980432208,1.6128624501313364,0.8675554158043376,0.9357886531580492,0.9827607847039145
4R1-6,4,1,6,6.25930018723011,6.040699779987335,9.090600162744522,165.2750712865352,186.1293334420039,1.504891898925588,1.1261791145702424,0.9538644270298645,0.9892549026833901
4R1-7,4,1,7,4.264399968087673,4.267100058495998,5.394699424505234,67.57470500590357,50.41331471826541,1.265054747414894,0.7460382507605638,0.9766301671252163,0.991629047210728
4R1-8,4,1,8,6.490100175142288,5.877099931240082,9.859899803996086,173.24650469614264,197.5187454208924,1.6776811555619788,1.1401023401154378,0.9467279279708527,0.9910105061282465
4R1-9,4,1,9,6.619000248610973,6.229700148105621,10.442400723695755,190.40437704226144,223.45276995176343,1.6762284661278868,1.1735695020402115,0.9352571242871913,0.9891404726192488
4R1-10,4,1,10,5.2619000896811485,6.346099823713303,8.074599876999855,138.41104275797883,144.68822720629174,1.5345407057109566,1.045351760403171,0.9629465486745231,0.9929383362776605
4R2-1,4,2,1,5.288400128483772,5.329299904406071,7.0305004715919495,106.80492000632636,98.74663950066936,1.3294191628438017,0.9245514110662723,0.9673294619964422,0.9894633074760901
4R2-2,4,2,2,4.323500022292137,4.866799898445606,5.806700140237808,77.31124557734435,60.08773145911174,1.3430554204459888,0.777218514724333,0.959618605176099,0.9762915608695979
4R2-3,4,2,3,6.770500168204308,5.400099977850914,8.971499279141426,158.85454507148282,171.48775360374003,1.6613579963221028,1.0795268937792897,0.9396653664655926,0.97542148665761
4R2-4,4,2,4,7.336900010704994,6.683899834752083,10.249000415205956,203.78970752863808,250.99340304920253,1.533386296712226,1.2316294384687265,0.9442277281034175,0.9772859806082067
4R2-5,4,2,5,4.868600144982338,4.497699998319149,5.346699804067612,74.38927868917402,58.54160640431327,1.1887631024892156,0.7869629526712014,0.9801296648204508,0.9896458715883741
4R2-6,4,2,6,6.649800017476082,5.879399925470352,7.306499779224396,141.40779950177682,152.53458087054233,1.2427288280852702,1.0786857684510232,0.9763142669788081,0.9897153701199624
4R2-7,4,2,7,6.664500012993813,4.964200034737587,7.240600138902664,123.11079695758288,117.14099529576346,1.458563331097799,0.9515087075272831,0.9404316892669199,0.966728053240398
4R2-8,4,2,8,4.97869998216629,5.8372000232338905,6.922800838947296,109.7048442981621,99.98167001055664,1.3904836330256447,0.9113696906475774,0.949595344598576,0.9805706453299519
4R2-9,4,2,9,6.174099817872047,6.770700216293335,8.258100226521492,158.69868623786274,177.90470471434773,1.337539150665645,1.1210219122274168,0.9639083633237776,0.9864426806680413
4R2-10,4,2,10,5.852600000798702,5.296000093221664,6.495900079607964,107.60130399778345,101.65837930838283,1.2265672139851447,0.9447690272459613,0.9789534572001134,0.9904682644698956
4R3-1,4,3,1,5.776900053024292,6.021299958229065,6.561100855469704,117.310066639646,114.5268473977255,1.1357476839217377,0.9762746768316993,0.9721957397865432,0.9854115184998444
4R3-2,4,3,2,6.829599849879742,7.898000255227089,9.298000484704971,206.75355907207936,261.58507849965406,1.361426831598149,1.2652023001377166,0.9566941277840473,0.988777021553389
4R3-3,4,3,3,4.961000010371208,6.354999914765358,6.560400500893593,109.16247183876348,101.356377319187,1.3223947766939652,0.9284910428640134,0.963041087542504,0.9787143991164752
4R3-4,4,3,4,6.0707999393343925,5.796699970960617,8.806099370121956,146.34277971989042,154.03317379928777,1.5191573506024718,1.052550553529988,0.9495598295107436,0.9860188398437321
4R3-5,4,3,5,7.086499780416489,6.428700126707554,10.512900725007057,200.3897824011079,237.21142951060204,1.6353073743993747,1.1837501227272682,0.9247669309759422,0.974865158947754
4R3-6,4,3,6,5.8796001598238945,5.6721000000834465,7.29609951376915,127.48184139052005,128.29167635360287,1.2863136252290706,1.0063525515026255,0.9649425332059999,0.9879777288723421
4R3-7,4,3,7,5.509699881076813,5.396700091660023,8.549700304865837,131.91525247714412,130.24089491142334,1.5842459576507526,0.9873073239501938,0.9419344752987162,0.9903836739731922
4R3-8,4,3,8,5.655100010335445,5.973299778997898,7.384500652551651,127.17356354232676,127.73418185615716,1.3058125654816886,1.0044082928732576,0.964477359695307,0.9894289862467784
4R3-9,4,3,9,7.268100045621395,7.875699922442436,9.865599498152733,224.33481297851364,298.5687508276259,1.3573835577698437,1.330906901445663,0.9629794467333158,0.987444723341417
4R3-10,4,3,10,6.45349994301796,6.707300059497356,9.730099141597748,185.0331748187203,220.08355208584356,1.5077243708857146,1.189427529963006,0.9527074949198842,0.9880846311410002
4R4-1,4,4,1,5.683399923145771,4.9317000433802605,6.005500257015228,95.63159790626266,81.0011534973449,1.217734291256483,0.8470124443255836,0.9466952128557781,0.972901809171025
4R4-2,4,4,2,7.141000032424927,7.065899670124054,9.66150015592575,189.6897643213007,229.5150005514497,1.3673418258083088,1.2099493157822272,0.9556839176269004,0.9829407390847213
4R4-3,4,4,3,6.611200049519539,6.765599921345711,10.12910045683384,189.23953906186327,221.0303563344708,1.5321122309057884,1.1679924683298608,0.9342007081537902,0.972511702975461
4R4-4,4,4,4,7.224499806761742,5.933400057256222,9.84099954366684,187.05166788820787,216.2804177727245,1.658576777008629,1.1562603007741439,0.9315382080363003,0.976773311367076
4R4-5,4,4,5,6.3996002078056335,5.933099985122681,6.761600822210312,126.51170784501844,128.13384402706194,1.1396404643719316,1.0128220242195345,0.9715443774714361,0.9868513163353457
4R4-6,4,4,6,5.507799983024597,5.668499879539013,7.606600597500801,119.29489232371724,116.08969428013545,1.3810597009595202,0.973132143538181,0.9646980188473935,0.9912299478564194
4R4-7,4,4,7,7.068600133061409,6.224300153553486,11.22560054063797,207.55500607095803,249.77408139899555,1.8035120838813044,1.2034115010148387,0.9240933083846887,0.9760427926948859
4R4-8,4,4,8,4.658599942922592,5.619899928569794,6.810500472784042,99.72677999713942,88.77695685237643,1.461920009493549,0.8902017778466619,0.9650263319942548,0.9838176323921662
4R4-9,4,4,9,5.527199991047382,4.996399953961372,6.698400527238846,102.21763796554622,92.81652323183302,1.3406453824674405,0.9080284487019552,0.9698587335524043,0.9912706554791378
4R4-10,4,4,10,5.094300024211407,4.733400046825409,5.69630041718483,83.25942075862837,69.37019729178748,1.2034267885312626,0.8331813584542441,0.9806168672220865,0.992301860553595
4R5-1,4,5,1,6.852699816226959,6.748899817466736,8.820999786257744,171.40968173471924,198.98817766931413,1.3070278156194042,1.1608922883205426,0.9616129259553748,0.9855033842057473
4R5-2,4,5,2,6.9047000259160995,6.29619974642992,8.417800441384315,160.69555417176028,176.61361662047304,1.3369652775322747,1.0990572672078947,0.9473193000774801,0.9760589810054938
4R5-3,4,5,3,5.599600076675415,5.168600007891655,7.05920085310936,103.67281792605144,94.54063337783904,1.3657858689647195,0.9119134144233808,0.9680509740550013,0.9876442299180886
4R5-4,4,5,4,6.2738001346588135,6.688900291919708,9.4076007604599,174.7274171290406,188.89353935631252,1.499505970629954,1.081075554483873,0.9111736182227433,0.9562983378887531
4R5-5,4,5,5,6.690000183880329,6.134999915957451,8.119799196720123,151.6617475570421,166.4501389446172,1.3235206695928565,1.0975090398586695,0.9648597206138975,0.9821530967123598
4R5-6,4,5,6,4.750699922442436,4.735300131142139,6.391400098800659,88.51784903473066,72.5114376875772,1.3497349527576985,0.8191730648485005,0.9500014825266325,0.9899957609043565
4R5-7,4,5,7,5.858399905264378,5.9891000390052795,7.053299993276596,122.00096245668396,118.44261235471532,1.2039635578545052,0.9708334259802908,0.9560035817290506,0.9781022983127458
4R5-8,4,5,8,5.709800124168396,6.530300155282021,7.035199925303459,133.73635732266197,137.15463086907153,1.2321271799909286,1.0255597925264435,0.9617044340789589,0.9781869182982675
4R5-9,4,5,9,4.434499889612198,4.53450009226799,5.643700063228607,72.80452241600273,56.02145049899131,1.2726801677115738,0.7694776181469404,0.9725128162379225,0.989832250218872
4R5-10,4,5,10,7.086700201034546,6.517199985682964,9.711499884724617,192.46020298169535,235.4595171773604,1.4901337853769894,1.2234192499514025,0.9581217177174539,0.9904066138976516
4R6-1,4,6,1,6.617000326514244,6.5225999802351,8.27230028808117,166.54830424232242,189.9273602667174,1.2682519720890508,1.1403740262067106,0.9594056331823104,0.9839463740722871
4R6-2,4,6,2,5.505299940705299,6.445799954235554,8.32279920578003,139.19804894190833,145.915178846968,1.5117794298985592,1.0482559199365138,0.962907621683122,0.9908649207371023
4R6-3,4,6,3,4.040700010955334,4.130499996244907,4.964399337768555,59.60009981823748,41.80916809148516,1.2285988379015627,0.7014949340519672,0.9774281025280883,0.9898084489261919
4R6-4,4,6,4,4.571299999952316,5.1426000893116,5.5754996836185455,84.56621570479797,70.88345026333013,1.2196748591596929,0.8382005706719649,0.9794534351782036,0.991276658631091
4R6-5,4,6,5,6.47639986127615,6.11720010638237,8.827600255608559,162.97716401370874,183.48387456294972,1.4430785493510827,1.1258256681133318,0.958126024174758,0.9842647389216814
4R6-6,4,6,6,6.521299853920937,6.216099858283997,9.233999997377396,169.5835489590162,191.9646568881725,1.4854973710037076,1.131976881404724,0.9489600350989248,0.9861644591308939
4R6-7,4,6,7,8.523700013756752,7.561299949884415,12.508200481534004,299.4541564340155,438.8289826388164,1.6542394250244246,1.4654295931788546,0.9325754554051447,0.9802709428617281
4R6-8,4,6,8,6.942500174045563,6.325200013816357,8.645699918270111,169.65159597782764,195.29591166713357,1.3668658539469116,1.1511587058258943,0.959522013437374,0.98219410679928
4R6-9,4,6,9,5.5772000923752785,5.224799923598766,6.586500257253647,105.15147310673956,95.82904680919262,1.2606224838399096,0.9113428844873745,0.9630900043321693,0.9805696092508207
4R6-10,4,6,10,5.010399967432022,6.033900007605553,7.1824997663497925,109.35251536076112,101.95418740149044,1.4335182446584271,0.9323442361169004,0.9651438750691893,0.987363331979298
4R8-1,4,8,1,6.316700018942356,6.700999848544598,10.168899223208427,185.66542451308555,219.67514818877808,1.6098436197245707,1.1831774751000854,0.948288262174504,0.9901694265528133
4R8-2,4,8,2,6.2939997762441635,5.67299984395504,7.933100312948227,136.61591791631258,140.6747384144971,1.3983960040826504,1.0297097187508621,0.9574737969248753,0.982875085422108
4R8-3,4,8,3,6.823999807238579,5.317100137472153,7.461400330066681,134.43052249319382,139.39798211674363,1.4032837706934682,1.0369518732161538,0.9671427100066892,0.9895415281368537
4R8-4,4,8,4,4.821199923753738,5.051099881529808,7.064899429678917,96.00928688359691,82.4535528592508,1.4653819674373214,0.8588080959211656,0.954209632644764,0.9885915804588076
4R8-5,4,8,5,5.827599950134754,5.3429000079631805,7.234799489378929,120.74771585718378,117.9628969391694,1.3540959925501166,0.9769368811803598,0.9633161027840903,0.9863490105556494
4R8-6,4,8,6,4.875200055539608,5.681999959051609,7.269400358200073,111.62696120877682,104.41651629370284,1.491097857602782,0.9354058836951744,0.9606410817507625,0.9876300668322897
4R8-7,4,8,7,5.600600130856037,5.7455999776721,9.91319976747036,160.23466004355427,170.42084135334576,1.7700245573424205,1.0635703992321182,0.9277040756254418,0.9839501514802048
4R8-8,4,8,8,6.256000138819218,6.920100003480911,10.34269966185093,185.72268961383628,216.00898722122471,1.6532447941733983,1.163072684712682,0.9374189038061155,0.9825266099462924
4R8-9,4,8,9,6.62899985909462,7.051299884915352,8.931399509310722,180.848273453726,214.48255370002695,1.3473223260153397,1.1859806544125346,0.9581446348962359,0.9907796337364696
4R8-10,4,8,10,4.536500014364719,4.693199880421162,6.410500034689903,80.28305696375125,64.80574757792239,1.4130937979480231,0.8072157442532731,0.9718574618497609,0.9899768219929678
4R9-1,4,9,1,7.357499748468399,6.263200007379055,9.394900873303413,187.0005025141945,225.2686888438407,1.50001610394602,1.2046421577222308,0.9574333956110263,0.9898090315218151
4R9-2,4,9,2,5.822000093758106,5.801199935376644,8.228599280118942,144.1014684169389,152.99689787765445,1.4184305612257266,1.0617303179380364,0.9599990463910794,0.9896602162754923
4R9-3,4,9,3,5.316100083291531,6.218400038778782,7.437599450349808,124.3375609050461,123.75984216476532,1.3990706220385385,0.9953536265624353,0.9659061813332289,0.986044081997673
4R9-4,4,9,4,5.5858999490737915,5.239999853074551,7.408700510859489,113.84197624544528,109.297113202848,1.413874182937708,0.9600774407429604,0.9710780981555983,0.99022873339834
4R9-5,4,9,5,5.96769992262125,6.365500018000603,9.75940078496933,166.59432312961457,184.5085628339813,1.6353705634519597,1.1075321137469312,0.9408093182859475,0.9900554255224977
4R9-6,4,9,6,5.319100059568882,5.963800102472305,7.820199802517891,127.21143313375003,124.11877635476512,1.4702110723504092,0.9756888457051396,0.9459096064654416,0.9774228987901273
4R9-7,4,9,7,6.003699824213982,6.554199941456318,7.982199266552925,150.64789564720573,164.480215343688,1.329546696248754,1.091818870997544,0.963674052636894,0.9899948670608442
4R9-8,4,9,8,6.500900164246559,7.234900072216988,9.751999750733376,197.6075335151205,238.797576948979,1.5000999099120318,1.208443689879398,0.9419631301841976,0.9849173716372747
4R9-9,4,9,9,4.767899960279465,4.679400101304054,5.303899943828583,76.7382510083556,60.56498353718993,1.1334572443058444,0.7892411247500981,0.9718963776530432,0.9847492038132571
4R9-10,4,9,10,5.496999993920326,5.42330015450716,6.515699625015259,108.9434596085832,101.81956062682436,1.2014270719647029,0.9346092091498297,0.9679147489547179,0.9865256038167695
5R1-1,5,1,1,5.252300016582012,4.7724999487400055,9.25689972937107,127.0165248242236,119.39153260593216,1.9396332799993006,0.9399685022965039,0.9231513653573791,0.9817667352472541
5R1-2,5,1,2,5.186400003731251,5.2283999510109425,9.08149965107441,121.90960548824329,106.23227719888489,1.7510218349029978,0.8714020258980307,0.8897824989349644,0.9674612350417902
5R1-3,5,1,3,4.330500029027462,4.2848000302910805,6.778001040220261,80.07863366119555,61.8987172865834,1.5818710306907389,0.772974193696542,0.9449784463576888,0.9903027862503339
5R1-4,5,1,4,7.400799915194511,6.964399851858616,10.957900434732437,190.3292039035541,203.26541266893628,1.5734163270088608,1.0679675451799682,0.8783906091776182,0.896516231455243
5R1-5,5,1,5,6.0635000467300415,6.694900058209896,13.901800662279129,237.7684181209141,279.92627005395127,2.2927023262374955,1.1773063566061928,0.8703469150168468,0.9669259788070504
5R1-6,5,1,6,4.133200086653233,3.906400129199028,6.911099702119827,73.88220073735569,53.40318615091724,1.7691735289638355,0.7228153143510244,0.9282303130439681,0.9864743485845004
5R1-7,5,1,7,5.16550000756979,4.869200102984905,8.135200291872025,110.39091727028558,100.1079151051086,1.6707467591822738,0.9068492008269153,0.9444878892917455,0.9916876903983843
5R1-8,5,1,8,5.516500025987625,5.207300186157227,9.143500030040741,139.7690910172866,140.89017533312466,1.7559003136303284,1.0080209745064408,0.9368285629344475,0.9860095874490352
5R1-9,5,1,9,4.3461998924613,4.1269998997449875,7.350900024175644,84.07222251437815,64.00890525991353,1.7811728138471399,0.7613561690838687,0.9204323249189349,0.9642723845872108
5R1-10,5,1,10,6.771799921989441,6.622900068759918,10.107800364494324,173.3076673003728,190.63322536604275,1.5261894728221264,1.0999699455630068,0.9242697617719866,0.9822343865575679
5R2-1,5,2,1,5.706800147891045,5.303099937736988,9.460100531578064,143.21460082090843,141.86312156328032,1.7838812473172077,0.9905632578669953,0.918494377668399,0.9753300543456193
5R2-2,5,2,2,4.505799897015095,4.686800017952919,8.569100871682167,106.0552521760812,90.07621288093904,1.9017934811882882,0.8493328810475834,0.9162739845141261,0.9885898695023526
5R2-3,5,2,3,3.405300062149763,3.8635000586509705,6.758200377225876,71.06382806301397,48.910764048988696,1.9846122966794972,0.6882652593048938,0.9101336204508192,0.966633622556064
5R2-4,5,2,4,4.555900022387505,4.450399987399578,7.741199433803558,96.7702132278197,80.6218046014196,1.7394390292380963,0.8331262473465573,0.9326329816927669,0.9803579827428243
5R2-5,5,2,5,5.07970005273819,5.809199996292591,10.141700506210327,147.78719496130614,147.72559586109065,1.996515621181902,0.9995831905448127,0.914431444918732,0.9886073912338347
5R2-6,5,2,6,3.947699908167124,4.045799933373928,7.418400049209595,77.48291741374307,56.084149565492346,1.8791702058867694,0.7238259920701535,0.9144744706586252,0.9741371662599841
5R2-7,5,2,7,4.826400056481361,4.859199933707714,9.353799372911453,121.66654052861206,107.669742446901,1.9380489108751475,0.8849577047157065,0.8995847429247327,0.9782691520542395
5R2-8,5,2,8,4.197600111365318,4.168800078332424,7.754599303007126,86.07283360923522,65.11343692763117,1.8601514002343498,0.7564923123507439,0.9093514638730145,0.977688023783426
5R2-9,5,2,9,5.6598000228405,5.900399945676327,10.67650094628334,166.73502076785778,176.64946250938448,1.8863742364036908,1.0594622635116975,0.9131290862785845,0.974108817956547
5R2-10,5,2,10,5.315599963068962,5.614600144326687,9.239300340414047,135.45272809702325,130.93406769311233,1.7381481685239037,0.9666403145407727,0.920586937407888,0.9750014736884134
5R3-1,5,3,1,3.9818999357521534,4.1745999827980995,7.5526997447013855,82.40803689742538,61.22780048758104,1.8967577956663877,0.7429833641564874,0.9116196155905548,0.9865118679256694
5R3-2,5,3,2,4.865700006484985,4.399900138378143,8.296599239110947,103.7566999333275,86.46637965177567,1.8856335321667492,0.8333570719513792,0.9113799944883372,0.9650206425897319
5R3-3,5,3,3,6.496100127696991,5.898700095713139,11.923399940133095,187.9796622793949,207.82643516014005,2.0213605958367653,1.1055793623633967,0.9026245017877254,0.9689655927543459
5R3-4,5,3,4,5.059599876403809,6.014399975538254,9.12100039422512,141.23510077047564,141.32285021196247,1.802711798765403,1.0006213005195461,0.9290014792178194,0.9746547287689976
5R3-5,5,3,5,4.385000001639128,4.2191000655293465,6.589800119400024,81.49324921576641,64.45265624816898,1.5618970910976107,0.7908956492521272,0.9539443442579887,0.9915904656398291
5R3-6,5,3,6,4.890299960970879,4.395700059831142,7.291899248957634,95.02086853804217,79.42622234025863,1.6588709761142681,0.8358818811307737,0.9403894181048376,0.984048199695568
5R3-7,5,3,7,3.7750001065433025,3.9931999519467354,6.642899662256241,71.47340516571872,51.32764834870024,1.7597084701380368,0.7181363225900824,0.9344883588606814,0.9910565791179528
5R3-8,5,3,8,4.726199992001057,4.817700013518333,8.811700344085693,112.2121367423061,95.46808707956042,1.8644366211754086,0.8507821867682798,0.9002223117341199,0.9606846179490961
5R3-9,5,3,9,5.852799862623215,5.973299965262413,9.911699965596199,162.1800506911159,175.9288565788957,1.6934971634505527,1.0847749512297629,0.9362203554220135,0.9839400099629223
5R3-10,5,3,10,5.354100093245506,5.8260999619960785,8.207199722528458,130.44683563976025,128.9568974592152,1.5328812647492889,0.9885781960655632,0.9462668514549597,0.9869497000069664
